{
  "cloud": "azure",
  "retrieved_at": "2026-05-04T05:41:20.475Z",
  "regions": {
    "eastus": {
      "compute": {
        "Standard_D2s_v5": {
          "on_demand_hourly_usd": 0.096,
          "reserved_1yr_hourly_usd": 0.05662100456621005,
          "reserved_3yr_hourly_usd": 0.03550228310502283
        },
        "Standard_D4s_v5": {
          "on_demand_hourly_usd": 0.192,
          "reserved_1yr_hourly_usd": 0.1132420091324201,
          "reserved_3yr_hourly_usd": 0.07104261796042619
        },
        "Standard_D8s_v5": {
          "on_demand_hourly_usd": 0.384,
          "reserved_1yr_hourly_usd": 0.22659817351598174,
          "reserved_3yr_hourly_usd": 0.14208523592085237
        },
        "Standard_D16s_v5": {
          "on_demand_hourly_usd": 0.768,
          "reserved_1yr_hourly_usd": 0.45308219178082193,
          "reserved_3yr_hourly_usd": 0.28417047184170474
        },
        "Standard_D32s_v5": {
          "on_demand_hourly_usd": 1.536,
          "reserved_1yr_hourly_usd": 0.9062785388127854,
          "reserved_3yr_hourly_usd": 0.568302891933029
        }
      },
      "storage": {
        "ssd_gb_month_usd": 0.132001953125,
        "hdd_gb_month_usd": 0.04,
        "nvme_gb_month_usd": 0.0803,
        "object_gb_month_usd": 0.0208
      },
      "other": {
        "load_balancer_monthly_usd": 18
      }
    },
    "westus3": {
      "compute": {
        "Standard_D2s_v5": {
          "on_demand_hourly_usd": 0.096,
          "reserved_1yr_hourly_usd": 0.05662100456621005,
          "reserved_3yr_hourly_usd": 0.03649162861491628
        },
        "Standard_D4s_v5": {
          "on_demand_hourly_usd": 0.192,
          "reserved_1yr_hourly_usd": 0.1132420091324201,
          "reserved_3yr_hourly_usd": 0.07294520547945206
        },
        "Standard_D8s_v5": {
          "on_demand_hourly_usd": 0.384,
          "reserved_1yr_hourly_usd": 0.22659817351598174,
          "reserved_3yr_hourly_usd": 0.14592846270928464
        },
        "Standard_D16s_v5": {
          "on_demand_hourly_usd": 0.768,
          "reserved_1yr_hourly_usd": 0.45308219178082193,
          "reserved_3yr_hourly_usd": 0.2918569254185693
        },
        "Standard_D32s_v5": {
          "on_demand_hourly_usd": 1.536,
          "reserved_1yr_hourly_usd": 0.9062785388127854,
          "reserved_3yr_hourly_usd": 0.583675799086758
        }
      },
      "storage": {
        "ssd_gb_month_usd": 0.12,
        "hdd_gb_month_usd": 0.04,
        "nvme_gb_month_usd": 0.0803,
        "object_gb_month_usd": 0.0184
      },
      "other": {
        "load_balancer_monthly_usd": 19
      }
    }
  }
}
