{
  "cloud": "gcp",
  "retrieved_at": "2026-04-30T05:36:20.076Z",
  "regions": {
    "us-central1": {
      "compute": {
        "n2-standard-2": {
          "on_demand_hourly_usd": 0.000017561666675435587,
          "reserved_1yr_hourly_usd": 0.000011063888894412667,
          "reserved_3yr_hourly_usd": 0.000007902777781724515
        },
        "n2-standard-4": {
          "on_demand_hourly_usd": 0.000035123333350871174,
          "reserved_1yr_hourly_usd": 0.000022127777788825333,
          "reserved_3yr_hourly_usd": 0.00001580555556344903
        },
        "n2-standard-8": {
          "on_demand_hourly_usd": 0.00007024666670174235,
          "reserved_1yr_hourly_usd": 0.000044255555577650667,
          "reserved_3yr_hourly_usd": 0.00003161111112689806
        },
        "n2-standard-16": {
          "on_demand_hourly_usd": 0.0001404933334034847,
          "reserved_1yr_hourly_usd": 0.00008851111115530133,
          "reserved_3yr_hourly_usd": 0.00006322222225379612
        },
        "n2-standard-32": {
          "on_demand_hourly_usd": 0.0002809866668069694,
          "reserved_1yr_hourly_usd": 0.00017702222231060267,
          "reserved_3yr_hourly_usd": 0.00012644444450759224
        }
      },
      "storage": {
        "ssd_gb_month_usd": 1.2216422660851184e-16,
        "hdd_gb_month_usd": 4.491331860607053e-17,
        "nvme_gb_month_usd": 2.874452390788514e-17,
        "object_gb_month_usd": 7.904744074668413e-18
      },
      "other": {
        "load_balancer_monthly_usd": 18
      }
    },
    "us-east1": {
      "compute": {
        "n2-standard-2": {
          "on_demand_hourly_usd": 0.000017561666675435587,
          "reserved_1yr_hourly_usd": 0.000011063888894412667,
          "reserved_3yr_hourly_usd": 0.000007902777781724515
        },
        "n2-standard-4": {
          "on_demand_hourly_usd": 0.000035123333350871174,
          "reserved_1yr_hourly_usd": 0.000022127777788825333,
          "reserved_3yr_hourly_usd": 0.00001580555556344903
        },
        "n2-standard-8": {
          "on_demand_hourly_usd": 0.00007024666670174235,
          "reserved_1yr_hourly_usd": 0.000044255555577650667,
          "reserved_3yr_hourly_usd": 0.00003161111112689806
        },
        "n2-standard-16": {
          "on_demand_hourly_usd": 0.0001404933334034847,
          "reserved_1yr_hourly_usd": 0.00008851111115530133,
          "reserved_3yr_hourly_usd": 0.00006322222225379612
        },
        "n2-standard-32": {
          "on_demand_hourly_usd": 0.0002809866668069694,
          "reserved_1yr_hourly_usd": 0.00017702222231060267,
          "reserved_3yr_hourly_usd": 0.00012644444450759224
        }
      },
      "storage": {
        "ssd_gb_month_usd": 1.2216422660851184e-16,
        "hdd_gb_month_usd": 4.491331860607053e-17,
        "nvme_gb_month_usd": 3.233758939637078e-17,
        "object_gb_month_usd": 7.904744074668413e-18
      },
      "other": {
        "load_balancer_monthly_usd": 18
      }
    }
  }
}
